,w,begin,end,count,U,Ustd,I,Istd,T,Tstd,index0,index1
0,off,20:17:05,20:19:04,,,,,,,,,
1,210,20:19:18,20:19:48,30.0,-25.780527999999997,0.007613609592992964,5.260958992158375,0.1594988526408667,8.6,0.03216337604513374,2574.0,2603.0
2,240,20:19:49,20:20:16,27.0,-27.97507555555555,0.00647351368942427,24.728256988187574,0.4323087167255329,8.598148148148146,0.02184509046005466,2610.0,2636.0
3,245,20:20:17,20:21:08,50.0,-28.38546240000001,0.0041874460386402464,30.622830698033162,0.6190011924132094,8.562000000000006,0.02587252896610651,2644.0,2693.0
4,250,20:21:09,20:21:59,49.0,-28.809897142857125,0.0054022958082641905,36.0586193598149,1.0324192315341953,8.53775510204082,0.02608202654786524,2700.0,2748.0
5,255,20:22:00,20:23:03,62.0,-29.2406593548387,0.0033055918202127246,41.53085851486011,0.5731041967835132,8.511290322580646,0.02778629636112044,2756.0,2817.0
6,210,20:23:05,20:35:59,746.0,-25.783670026809595,0.006254332468790943,5.396308270668909,0.14336807521722394,8.291353887399392,0.11125719989507188,2824.0,3569.0
